<?xml version="1.0" ?>
<beast>
    <!-- DATA SPECIFICATION -->

    <kStateType id="kst" stateCount="5" startWith="1"/>

    <frequencyModel id="freqModel">
        <kStateType idref="kst"/>
        <frequencies>
            <parameter dimension="5" value="0.2 0.2 0.2 0.2 0.2" id="model.frequencies"/>
        </frequencies>
    </frequencyModel>

    <lewisMk id="lewisModel" totalOrder="false">
        <frequencies>
            <frequencyModel idref="freqModel"/>
        </frequencies>
        <order state="1" adjacentTo="2"/>
        <order state="3" adjacentTo="2"/>
        <order state="3" adjacentTo="4"/>
        <order state="3" adjacentTo="5"/>
        <order state="4" adjacentTo="5"/>
    </lewisMk>

</beast>
