<?xml version="1.0" standalone="yes"?>
<beast>
    <taxa id="taxa">
        <taxon id="A"/>
        <taxon id="B"/>
        <taxon id="D"/>
        <taxon id="C"/>
        <taxon id="E"/>
    </taxa>
    <newick id="tree">
        ((A:1,(B:.01,E:.01):.99):1,(C:0.05,D:0.05):1.95);
    </newick>

    <treeModel id="treeModel">
        <newick idref="tree"/>
        <rootHeight>
            <parameter id="treeModel.rootHeight"/>
        </rootHeight>
        <nodeHeights internalNodes="true">
            <parameter id="treeModel.internalNodeHeights"/>
        </nodeHeights>
        <nodeHeights internalNodes="true" rootNode="true">
            <parameter id="treeModel.allInternalNodeHeights"/>
        </nodeHeights>
    </treeModel>

    <report>
        <treeModel idref="treeModel"/>
    </report>

    <popTreeModel id="popTreeModel" populationNodeHeight="0.1">
        <treeModel idref="treeModel"/>
    </popTreeModel>

    <report>
        <treeModel idref="popTreeModel"/>
    </report>

</beast>
